object_name,camera_distance_m,pixel_width,pixel_height,estimated_width_cm,estimated_height_cm,actual_width_cm,actual_height_cm,width_error_cm,height_error_cm
test1,2.0,100,100,7.301135445472378,7.297819937799471,56.0,68.0,-48.69886455452762,-60.702180062200526
test,2.0,716,884,52.27612978958221,64.5127282501473,56.0,68.0,-3.723870210417786,-3.487271749852696
test,2.0,516,380,37.673858898637455,27.731715763637983,40.0,30.0,-2.326141101362545,-2.268284236362014
test,2.0,520,392,37.96590431645635,28.60745415617392,40.0,30.0,-2.0340956835436472,-1.3925458438260812
test2_2m,3.0000000000000004,360,276,39.42613140555085,30.212974542489818,40.0,30.0,-0.5738685944491522,0.2129745424898175
test3-2m,2.5,116,76,10.586646395934949,6.932928940909498,9.5,6.5,1.086646395934947,0.4329289409094983
test3-2m,3.0000000000000004,76,52,8.323294407838512,5.692299551483589,9.5,6.5,-1.176705592161488,-0.8077004485164112
test3-2m,3.0000000000000004,80,56,8.761362534566855,6.130168747751557,9.5,6.5,-0.7386374654331451,-0.369831252248443
test4-2m,2.0,224,88,16.35454339785812,6.422081545263533,16.5,5.0,-0.1454566021418806,1.4220815452635334
test4-2m,2.0,224,88,16.35454339785812,6.422081545263533,16.5,5.0,-0.1454566021418806,1.4220815452635334
test5-2m,2.0,172,84,12.557952966212486,6.130168747751554,12.5,6.0,0.0579529662124862,0.1301687477515543
test5-3m,3.0000000000000004,112,60,12.265907548393598,6.568037944019526,12.5,6.0,-0.2340924516064024,0.568037944019526
test5-3m,2.43,1032,2456,91.54747712368906,217.7698660719114,82.0,203.0,9.547477123689063,14.769866071911396
test5-3m,2.43,1012,2428,89.77330121043927,215.287147729072,82.0,203.0,7.773301210439271,12.28714772907196
box-2m,2.0,488,312,35.62954097390519,22.769198205934345,36.0,22.0,-0.3704590260948066,0.7691982059343445
box-2.5m,2.5,400,268,36.505677227361886,24.44769679162823,36.0,22.0,0.5056772273618861,2.4476967916282284
box-3m,3.0000000000000004,324,208,35.48351826499576,22.769198205934355,36.0,22.0,-0.5164817350042412,0.7691982059343552
smallbox-2m,2.0,76,96,5.548862938559005,7.00590714028749,5.5,7.5,0.0488629385590053,-0.4940928597125102
smallbox-2.5m,2.5,64,76,5.840908356377902,6.932928940909498,5.5,7.5,0.340908356377902,-0.5670710590905017
smallbox-3m,3.0000000000000004,52,76,5.694885647468456,8.319514729091399,5.5,7.5,0.1948856474684559,0.8195147290913987
smallbox-2.75m,2.75,56,80,5.621874293013731,8.027601931579419,5.5,7.5,0.1218742930137306,0.5276019315794187
switch board,1.9999999999999996,140,140,10.221589623661325,10.216947912919258,12.7,12.7,-2.4784103763386742,-2.4830520870807415
